[{"word":"chat","word_en":"cat","type":"noun","singular":["chat"],"plural":["chats"],"definitions":[{"dict":"Larousse","dictType":"synonyms","year":2000,"text":["greffier","mistigri","matou","minet"]},{"dict":"Larousse","dictType":"definitions","year":2000,"text":["Mammifère carnivore (félidé), sauvage ou domestique, au museau court et arrondi","Familier. Terme d\u0027affection, de tendresse adressé à quelqu\u0027un","Jeu d\u0027enfants dans lequel un des joueurs, le chat, poursuit les autres et tente de les toucher"]}]},{"word":"garçon","word_en":"boy","type":"noun","singular":["garçon"],"plural":["garçons"],"definitions":[{"dict":"Larousse","dictType":"synonyms","year":2000,"text":["gamin","jeune homme"]}]},{"word":"jeu","word_en":"game","type":"noun","singular":["jeu"],"plural":["jeux"],"definitions":[{"dict":"Larousse","dictType":"definitions","year":2000,"text":["Activité d\u0027ordre physique ou mental, non imposée, ne visant à aucune fin utilitaire, et à laquelle on s\u0027adonne pour se divertir, en tirer un plaisir","Activité de loisir soumise à des règles conventionnelles, comportant gagnant(s) et perdant(s) et où interviennent, de façon variable, les qualités physiques ou intellectuelles, l\u0027adresse, l\u0027habileté et le hasard","Ensemble des différents jeux de hasard, en particulier ceux où l\u0027on risque de l\u0027argent","Ensemble des règles qui régissent un divertissement organisé"]}]}]