[{"word":"câine","word_en":"dog","type":"noun","singular":["câine"],"plural":["câini"],"definitions":[{"dict":"Dicționar de sinonime","dictType":"synonyms","year":1998,"text":["lătrător","molie","dulău"]},{"dict":"Dicționarul explicativ al limbii române, ediția a II-a","dictType":"definitions","year":1998,"text":["Umblă câinii cu covrigi (sau colaci) în coadă \u003d e mare belșug."]},{"dict":"Dicționarul explicativ al limbii române (ediția a II-a revăzută și adăugită)","dictType":"definitions","year":2009,"text":["Animal mamifer carnivor, domesticit, folosit pentru pază, vânătoare etc."]}]}]